﻿<descriptor>
	<version>1.0</version>
	    <accesses>
		    <access>http</access>
		    <access>tts</access>
		    <access>ears</access>
		    <access>button</access>
		    <access>led</access>
		    <access>asr</access>
		    <access>multimedia</access>
	    </accesses>
	    <deployment>external</deployment>
	    <multiConf>false</multiConf>
		<editor>Christoph Lang,Michael Krueger</editor>
	    <parameters>
	        <parameter key="showInstallUuid" value="true"/>
	    </parameters>
</descriptor>